[{
  "_id": {
    "$oid": "6177218e9bd047d78bce8289"
  },
  "proveidor": {
    "$oid": "6177218e9bd047d78bce8289"
  },
  "adreca": {
    "carrer": "Carres Pere IV",
    "numero": 25,
    "porta": "A",
    "ciutat": "Barcelona",
    "codi_postal": "08009",
    "pais": "Espanya"
  },
  "NIF": "12345678L",
  "fax": "932222222",
  "telefon": "931111111",
  "ulleres": [
    {
      "ullera_id": {
        "$oid": "6177257dc0d832bd08244081"
      },
      "marca": "marcar1",
      "ull": [
        {
          "graduacio": {
            "$numberDecimal": "1.0"
          },
          "color": "blau"
        },
        {
          "graduacio": "2.0",
          "color": "verd"
        }
      ],
      "tipus muntura": "flotant",
      "color muntura": "verda",
      "preu": 152.25
    }
  ]
}]