[{
  "_id": {
    "$oid": "6179ca2656a8d9cbed54d2a0"
  },
  "id_botiga": "",
  "nom_pizzeria": "nom_pizzeria",
  "adreca": "",
  "codi_postal": "",
  "localitat": "",
  "provincia": "",
  "clientes": [
    {
      "id_client": {
        "$oid": "6179c97656a8d9cbed54d29c"
      }
    }
  ],
  "comandes": [
    {
      "id_comanda": {
        "$oid": "6179c7be35e3c77a77a73d4d"
      }
    }
  ],
  "localitats": [
    {
      "id_localitat": {
        "$oid": "6179c72935e3c77a77a6d915"
      }
    }
  ],
  "provincies": [
    {
      "id_provincia": {
        "$oid": "6179c6c535e3c77a77a695c2"
      }
    }
  ],
  "empleats": [
    {
      "id_empleat": {
        "$oid": "6179c66035e3c77a77a64f5d"
      }
    }
  ]
}]