[{
  "_id": {
    "$oid": "6179cf4556a8d9cbed54d2c4"
  },
  "id_usuari": "1",
  "email": "",
  "password": "",
  "nom_usuari": "",
  "data_naixement": {
    "$date": "2020-12-31T23:00:00Z"
  },
  "sexe": "Mascle",
  "pais": "",
  "codi_postal": "",
  "videos": [
    {
      "$oid": "6179cfd556a8d9cbed54d2c9"
    }
  ],
  "canal_propietat": "xxx",
  "playlists": [
    {
      "$oid": "6181cd714789110cabc545d3"
    }
  ]
},{
  "_id": {
    "$oid": "6181cde54789110cabc545d9"
  },
  "id_usuari": "2",
  "email": "",
  "password": "",
  "nom_usuari": "",
  "data_naixement": {
    "$date": "2020-12-31T23:00:00Z"
  },
  "sexe": "Mascle",
  "pais": "",
  "codi_postal": "",
  "videos": [
    {
      "$oid": "6181cd944789110cabc545d4"
    }
  ],
  "canal_propietat": "xxx",
  "playlists": [
    {
      "$oid": "6181cf6d4789110cabc545dd"
    }
  ]
}]