[{
  "_id": {
    "$oid": "6179cfd556a8d9cbed54d2c9"
  },
  "id_video": "",
  "titol": "",
  "descripcio": "",
  "grandaria": 1234,
  "nom_arxiu": "",
  "durada_video": {
    "$timestamp": {
      "t": 0,
      "i": 1234
    }
  },
  "thumbnail": "",
  "nombre_reproduccions": 1234,
  "numero_likes": 1234,
  "numero_dislikes": 1234,
  "estat_video": "públic",
  "etiquetes ": [
    {
      "$oid": "6181cc4135e3c77a77486f7f"
    }
  ],
  "usuari_publica_video": "6179cf4556a8d9cbed54d2c4",
  "data_publicacio": {
    "$date": "2020-12-31T23:00:00Z"
  },
  "usuaris_like": [
    {
      "id_usuari": "",
      "like": false,
      "dislike": false,
      "data_like": {
        "$date": "2020-12-31T23:00:00Z"
      }
    }
  ],
  "usuaris_comentaris": [
    "id_comentari"
  ]
},{
  "_id": {
    "$oid": "6181cd944789110cabc545d4"
  },
  "id_video": "",
  "titol": "",
  "descripcio": "",
  "grandaria": 1234,
  "nom_arxiu": "",
  "durada_video": {
    "$timestamp": {
      "t": 1635896766,
      "i": 8
    }
  },
  "thumbnail": "",
  "nombre_reproduccions": 1234,
  "numero_likes": 1234,
  "numero_dislikes": 1234,
  "estat_video": "públic",
  "etiquetes ": [
    {
      "$oid": "6181cc4135e3c77a77486f7f"
    }
  ],
  "usuari_publica_video": "6179cf4556a8d9cbed54d2c4",
  "data_publicacio": {
    "$date": "2020-12-31T23:00:00Z"
  },
  "usuaris_like": [
    {
      "id_usuari": "",
      "like": false,
      "dislike": false,
      "data_like": {
        "$date": "2020-12-31T23:00:00Z"
      }
    }
  ],
  "usuaris_comentaris": [
    "id_comentari"
  ]
}]