[{
  "_id": {
    "$oid": "6181d44e4789110cabc5461d"
  },
  "email": "mail@gmail.com",
  "password": "",
  "nom_usuari": "",
  "data_naixament": {
    "$date": "2020-12-31T23:00:00Z"
  },
  "sexe": "M",
  "pais": "",
  "codi_postal": "",
  "playlists": [
    {
      "$oid": "6181d3ea4789110cabc54613"
    }
  ],
  "artistes_seguint": [
    {
      "$oid": "6181d3d54789110cabc54612"
    }
  ],
  "cancons_favorites": [
    {
      "$oid": "6181d3fc4789110cabc54614"
    }
  ],
  "artistes_favorits": [
    {
      "$oid": "6181d4114789110cabc54615"
    }
  ]
}]